Marque,Nom,Catégorie,INCI,Nom botanique,Partie plante,Chémotype,Origine,Culture,Méthode extraction,Odeur,NPN,URL produit,Qualité,Date scraping,Texte brut
Divine Essence,Épinette Noire Biologique,Huiles essentielles,PICEA MARIANA,Picea Mariana,Aiguille,ACÉTATE DE BORNYLE,Canada (Québec),Biologique,,"Fraîche, résineuse, balsamique",80061636,https://www.divineessence.com/fr/collections/essential-oils-1/products/epinette-noire-biologique,Propre,2026-03-23,
Divine Essence,Tea Tree Biologique,Huiles essentielles,MELALEUCA ALTERNIFOLIA,Melaleuca alternifolia,Feuille,TERPINÈNE 4-OL,Afrique du Sud,Biologique,,"Aromatique, boisé et terpénique",80039839,https://www.divineessence.com/fr/collections/essential-oils-1/products/tea-tree-biologique,Propre,2026-03-23,
Divine Essence,Eucalyptus Radiata Biologique,Huiles essentielles,EUCALYPTUS RADIATA,Eucalyptus radiata,Feuille,1.8 CINÉOLE,Afrique du Sud,Biologique,,"Mentholée, fraîche et cinéolée",80047249,https://www.divineessence.com/fr/collections/essential-oils-1/products/eucalyptus-radiata-biologique,Propre,2026-03-23,
Divine Essence,Eucalyptus Globuleux Biologique,Huiles essentielles,EUCALYPTUS GLOBULUS VAR. GLOBULUS,Eucalyptus globulus var. globulus,Feuille,1.8 CINÉOLE,Espagne,Biologique,,"Camphrée, fraîche et cinéolée",80045619,https://www.divineessence.com/fr/collections/essential-oils-1/products/eucalyptus-globuleux-biologique,Propre,2026-03-23,
Divine Essence,Sapin Baumier Biologique,Huiles essentielles,ABIES BALSAMEA,Abies balsamea,Aiguille,B PINÈNE,Canada (Québec),Biologique,,"Boisée, fraîche et résineuse",80055742,https://www.divineessence.com/fr/collections/essential-oils-1/products/sapin-baumier-biologique,Propre,2026-03-23,
Divine Essence,Orange Douce Biologique,Huiles essentielles,CITRUS SINENSIS,Citrus sinensis,,LIMONÈNE,Mexique,Biologique,,"Douce, fruitée, zestée",80047535,https://www.divineessence.com/fr/collections/essential-oils-1/products/orange-douce-biologique,Propre,2026-03-23,
Divine Essence,Ravintsara Biologique,Huiles essentielles,CINNAMOMUM CAMPHORA CINEOLIFERUM,Cinnamomum camphora cineoliferum,Feuille,1.8 CINÉOLE,Madagascar,Biologique,,"Épicée, douce, eucalyptolée, fraîche et balsamique",80073214,https://www.divineessence.com/fr/collections/essential-oils-1/products/ravintsara-biologique,Propre,2026-03-23,
Divine Essence,Romarin Type Cinéole Biologique,Huiles essentielles,ROSMARINUS OFFICINALIS CINEOLIFERUM,Rosmarinus officinalis cineoliferum,Sommité fleurie,1.8 CINÉOLE,Tunisie -,Biologique,,"Caractéristique, fraîche, agreste, plus ou moins camphrée",80058453,https://www.divineessence.com/fr/collections/essential-oils-1/products/romarin-type-cineole-biologique,Propre,2026-03-23,
Divine Essence,Gaulthérie Odorante Biologique,Huiles essentielles,GAULTHERIA FRAGRANTISSIMA,Gaultheria fragrantissima,Feuille,LE SALICYLATE DE MÉTHYLE,Népal (Himalaya),Biologique,,"Phénolique, douce et médicinale",80052775,https://www.divineessence.com/fr/collections/essential-oils-1/products/gaultherie-odorante-biologique,Propre,2026-03-23,
Divine Essence,Lavandin Super Biologique,Huiles essentielles,LAVANDULA HYBRIDA SUPER,Lavandula hybrida super,Sommité fleurie,ACÉTATE DE LINALYLE,Espagne,Biologique,,"Caractéristique, agreste, légèrement camphrée",80061867,https://www.divineessence.com/fr/collections/essential-oils-1/products/lavandin-super-biologique,Propre,2026-03-23,
Divine Essence,Menthe poivrée Suprême Biologique,Huiles essentielles,MENTHA X PIPERITA,Mentha x piperita,Feuille,MENTHOL,Inde,Biologique,,"Herbacée, fraîche et mentholée",80033384,https://www.divineessence.com/fr/collections/essential-oils-1/products/menthe-poivree-supreme-biologique,Propre,2026-03-23,
Divine Essence,Citron biologique,Huiles essentielles,CITRUS LIMONUM,Citrus limonum,Zeste,LIMONÈNE,Mexique -,Biologique,,Zestée,80047526,https://www.divineessence.com/fr/collections/essential-oils-1/products/citron-biologique,Propre,2026-03-23,
Divine Essence,Lavande Fine Biologique,Huiles essentielles,LAVANDULA ANGUSTIFOLIA,Lavandula angustifolia,Sommité fleurie,ACÉTATE DE LINALYLE,Bulgarie,Biologique,,"Lourde, douce, boisée",80047401,https://www.divineessence.com/fr/collections/essential-oils-1/products/lavande-fine-biologique,Propre,2026-03-23,
Divine Essence,Synergie Anti-Stress Biologique,Mélange,,,,,,,,,,https://www.divineessence.com/fr/collections/essential-oils-1/products/synergie-anti-stress-biologique,Sans INCI,2026-03-23,
Divine Essence,Menthe Poivrée Yakima Valley Biologique,Huiles essentielles,MENTHA X PIPERITA,Mentha x piperita,Feuille,MENTHOL,Etats-Unis,Biologique,,"Herbacée, fraîche et mentholée",80033384,https://www.divineessence.com/fr/collections/essential-oils-1/products/menthe-poivree-yakima-valley-biologique,Propre,2026-03-23,
Divine Essence,Clou de Girofle Biologique,Huiles essentielles,EUGENIA CARYOPHYLLUS,Eugenia caryophyllus,Clou et Griffe,EUGÉNOL,Madagascar,Biologique,,"Épicée, typique de l&#39;eugénol",80047682,https://www.divineessence.com/fr/collections/essential-oils-1/products/clou-de-girofle-biologique,Propre,2026-03-23,
Divine Essence,Lavande Vraie (Provence Altitude : 1200m) Biologique,Huiles essentielles,LAVANDULA ANGUSTIFOLIA,Lavandula angustifolia,Sommité fleurie,ACÉTATE DE LINALYLE,France (Provence),Biologique,,"Lourde, douce, boisée",80047401,https://www.divineessence.com/fr/collections/essential-oils-1/products/lavande-vraie-provence-altitude-1200m-biologique,Propre,2026-03-23,
Divine Essence,Eucalyptus Citronné Biologique,Huiles essentielles,EUCALYPTUS CITRIODORA,Eucalyptus citriodora,Feuille,CITRONELAL,Brésil,Biologique,,"Citronnée, piquante, zestée",80047245,https://www.divineessence.com/fr/collections/essential-oils-1/products/eucalyptus-citronne-biologique,Propre,2026-03-23,
Divine Essence,Lavande Fine,Huiles essentielles,LAVANDULA ANGUSTIFOLIA,Lavandula angustifolia,Sommité fleurie,ACÉTATE DE LINALYLE,Bulgarie,Conventionnel,,"Lourde, douce, boisée",80047401,https://www.divineessence.com/fr/collections/essential-oils-1/products/lavande-fine,Propre,2026-03-23,
Divine Essence,Lavande Aspic Biologique,Huiles essentielles,LAVANDULA LATIFOLIA (L. SPICA),Lavandula latifolia (L. spica),Sommité fleurie,LINALOL,Espagne,Biologique,,"Florale, fraîche et camphrée",80047386,https://www.divineessence.com/fr/collections/essential-oils-1/products/lavande-aspic-biologique,Propre,2026-03-23,
Divine Essence,Laurier Noble Biologique,Huiles essentielles,LAURUS NOBILIS,Laurus nobilis,Feuille,1.8 CINÉOLE,Bosnie Herzégovine -,Biologique,,"Cinéolée, mentholée, camphrée",80055157,https://www.divineessence.com/fr/collections/essential-oils-1/products/laurier-noble-biologique,Propre,2026-03-23,
Divine Essence,Palmarosa Biologique,Huiles essentielles,CYMBOPOGON MARTINII VAR. MOTIA,Cymbopogon martinii var. motia,Herbe,GÉRANIOL,Népal -,Biologique,,"Grasse, rose",80047575,https://www.divineessence.com/fr/collections/essential-oils-1/products/palmarosa-biologique,Propre,2026-03-23,
Divine Essence,Hélichryse Italienne (Bosnie) Biologique,Huiles essentielles,HELICHRYSUM ITALICUM,Helichrysum italicum,Sommité fleurie,ITALIDIONES,Bosnie-Herzégovine,Biologique,,"Fraîche, aromatique, épicée, plus ou moins terpénique",80058625,https://www.divineessence.com/fr/collections/essential-oils-1/products/helichryse-italienne-bosnie-biologique,Propre,2026-03-23,
Divine Essence,Cèdre Atlas Biologique,Huiles essentielles,CEDRUS ATLANTICA,Cedrus atlantica,Bois,B HIMACHALÈNE,Maroc,"Biologique, certifié par ECOCERT®",,"Boisée, douce, agréable",80049738,https://www.divineessence.com/fr/collections/essential-oils-1/products/cedre-latlas-biologique,Propre,2026-03-23,
Divine Essence,Encens - Somalie (Boswellia carterii) Biologique,Huiles essentielles,BOSWELLIA CARTERII,Boswellia carterii,Résine de qualité supérieure,UN PINÈNE,Somalie,Biologique,,"Résineuse, boisée et chaleureuse",80059681,https://www.divineessence.com/fr/collections/essential-oils-1/products/encens-somalie-boswellia-carterii-biologique,Propre,2026-03-23,
Divine Essence,Cyprès Toujours Vert Biologique,Huiles essentielles,CUPRESSUS SEMPERVIRENS,Cupressus sempervirens,Feuille et,UN PINÈNE,Maroc -,Biologique,,"Fraîche, résineuse, agreste, boisée",80050058,https://www.divineessence.com/fr/collections/essential-oils-1/products/cypres-toujours-vert-biologique,Propre,2026-03-23,
Divine Essence,Pamplemousse Rose,Huiles essentielles,CITRUS,Citrus,Zeste,LIMONÈNE,Mexique -,Conventionnel,,"Douce, fruitée, zestée",80058299,https://www.divineessence.com/fr/collections/essential-oils-1/products/pamplemousse-rose,Propre,2026-03-23,
Divine Essence,Bergamote Biologique,Huiles essentielles,CITRUS AURANTIUM SSP BERGAMIA,Citrus aurantium ssp bergamia,Zeste,LIMONÈNE,Italie,"Biologique, certifié par ECOCERT®",,"Caractéristique, agréable, fraîche, rappelant celle du péricarpe frais de bergamote",80071482,https://www.divineessence.com/fr/collections/essential-oils-1/products/bergamote-biologique,Propre,2026-03-23,
Divine Essence,Romarin Type Camphre Biologique,Huiles essentielles,ROSMARINUS OFFICINALIS CT CAMPHORIFERUM,Rosmarinus officinalis CT Camphoriferum,Sommité fleurie,CAMPHRE,Espagne,Biologique,,"Caractéristique, fraîche, agreste, plus ou moins camphrée",80054454,https://www.divineessence.com/fr/collections/essential-oils-1/products/romarin-type-camphre-biologique,Propre,2026-03-23,
Divine Essence,Géranium Rosat (Egypte),Huiles essentielles,PELARGONIUM GRAVEOLENS,Pelargonium graveolens,Sommité fleurie,CITRONELOL,Egypte,Conventionnel,,"Rosée, herbacée, florale et caractéristique",80057055,https://www.divineessence.com/fr/collections/essential-oils-1/products/geranium-rosat-egypte,Propre,2026-03-23,
Divine Essence,Patchouly Biologique,Huiles essentielles,POGOSTEMON CABLIN,Pogostemon Cablin,Feuille,PATCHOULOL,Inde,Biologique,,"Boisée, herbacée, aromatique et épicée",80058013,https://www.divineessence.com/fr/collections/essential-oils-1/products/patchouly-biologique,Propre,2026-03-23,
Divine Essence,Origan Sauvage Biologique,Huiles essentielles,ORIGANUM COMPACTUM,Origanum Compactum,Sommité fleurie,CARVACROL / THYMOL,Maroc,Biologique,,"Phénolée, caractéristique du carvacrol",80070898,https://www.divineessence.com/fr/collections/essential-oils-1/products/origan-sauvage-biologique,Propre,2026-03-23,
Divine Essence,Rose (Otto) Extra 5% Biologique,Huiles essentielles,ROSA X DAMASCENA,Rosa x Damascena,Pétale,CITRONELOL,Bulgarie,Biologique,,"Florale, acidulée, fruitée",80058746,https://www.divineessence.com/fr/collections/essential-oils-1/products/rose-otto-extra-5-biologique,Propre,2026-03-23,
Divine Essence,Ylang Ylang III Biologique,Huiles essentielles,CANANGA ODORATA GENUINA,Cananga odorata genuina,Fleur,GERMACRÈNE-D,Madagascar,Biologique,,"Fleurie,  jasminée",80057314,https://www.divineessence.com/fr/collections/essential-oils-1/products/ylang-ylang-iii-biologique,Propre,2026-03-23,
Divine Essence,Bois de Hô Biologique,Huiles essentielles,CINNAMOMUM CAMPHORA LINALOLIFERUM,Cinnamomum camphora linaloliferum,"Bois, écorce et feuille",LINALOL,Chine,Biologique,,"Florale, boisée",,https://www.divineessence.com/fr/collections/essential-oils-1/products/bois-de-ho-biologique,Propre,2026-03-23,
Divine Essence,Néroli 5% (Fleur d'Oranger) Biologique,Huiles essentielles,CITRUS AURANTIUM SSP AMARA,Citrus aurantium ssp amara,Fleur,LINALOL,Maroc,Biologique,,"Fraiche, florale et une pointe d&#39;amertume",80096060,https://www.divineessence.com/fr/collections/essential-oils-1/products/neroli-5-fleur-doranger-biologique,Propre,2026-03-23,
Divine Essence,Niaouli (Cineol.) Biologique,Huiles essentielles,MELALEUCA QUINQUENERVIA CT 1.8 CINÉOLE,Melaleuca quinquenervia CT 1.8 Cinéole,Feuille,1.8 CINÉOLE,Madagascar,Biologique,,"Aromatique, fraîche, cinéolée",80051455,https://www.divineessence.com/fr/collections/essential-oils-1/products/niaouli-cineol-biologique,Propre,2026-03-23,
Divine Essence,Gingembre Biologique,Huiles essentielles,ZINGIBER OFFICINALIS,Zingiber officinalis,Rhizome,A ZINGIBERENE,Vietnam -,Biologique,,"Aromatique, épicée",80056942,https://www.divineessence.com/fr/collections/essential-oils-1/products/gingembre-biologique,Propre,2026-03-23,
Divine Essence,Basilic Tropical Biologique,Huiles essentielles,OCIMUM BASILICUM VAR. BASILICUM,Ocimum basilicum var. Basilicum,Sommité fleurie,MÉTHYLCHAVICOL (ESTRAGOLE),Inde/Madagascar/Vietnam,"Biologique, certifié par ECOCERT® SA",,"Fraiche, épicée, anisée",80047857,https://www.divineessence.com/fr/collections/essential-oils-1/products/basilic-tropical-biologique,Propre,2026-03-23,
Divine Essence,Ylang Ylang Totum (Complète) Biologique,Huiles essentielles,CANANGA ODORATA GENUINA,Cananga odorata genuina,Fleur,GERMACRÈNE-D,Madagascar,Biologique,,"Fleurie, jasminée",80057314,https://www.divineessence.com/fr/collections/essential-oils-1/products/ylang-ylang-totum-complete-biologique,Propre,2026-03-23,
Divine Essence,Encens Inde (B. Serrata) Biologique,Huiles essentielles,BOSWELLIA SERRATA,Boswellia serrata,Résine,UN PINÈNE,Inde,Biologique,,"Caractéristique, boisée, épicé",80071842,https://www.divineessence.com/fr/collections/essential-oils-1/products/encens-inde-b-serrata-biologique,Propre,2026-03-23,
Divine Essence,Géranium Rosat (Himalaya),Huiles essentielles,PELARGONIUM GRAVEOLENS,Pelargonium graveolens,Sommité fleurie,CITRONELOL,Inde (Himalaya),Conventionnel,,"Rosée, herbacée, florale et caractéristique",80057055,https://www.divineessence.com/fr/collections/essential-oils-1/products/geranium-rosat-himalaya,Propre,2026-03-23,
Divine Essence,Géranium Bourbon Biologique,Huiles essentielles,PELARGONIUM X ASPERUM,Pelargonium x asperum,Sommité Fleurie,CITRONELOL,Madagascar,Biologique,,"Rosée, fruitée",80057055,https://www.divineessence.com/fr/collections/essential-oils-1/products/geranium-bourbon-biologique,Propre,2026-03-23,
Divine Essence,Romarin Type Verbénone Biologique,Huiles essentielles,ROSMARINUS OFFICINALIS VERBENONIFERUM,Rosmarinus officinalis verbenoniferum,Sommité fleurie,VERBÉNONE,Afrique du Sud,Biologique,,"Caractéristique, fraîche, agreste, plus ou moins camphrée",80054212,https://www.divineessence.com/fr/collections/essential-oils-1/products/romarin-type-verbenone-biologique,Propre,2026-03-23,
Divine Essence,Camphre Blanc Bois Sauvage,Huiles essentielles,CINNAMOMUM CAMPHORA,Cinnamomum camphora,Bois,CAMPHRE,Chine,Sauvage,,"Aromatique, agreste et montante",80058091,https://www.divineessence.com/fr/collections/essential-oils-1/products/camphre-blanc-bois-sauvage,Propre,2026-03-23,
Divine Essence,Lavande Vraie (Cachemire) (Altitude : 1600m),Huiles essentielles,LAVANDULA ANGUSTIFOLIA,Lavandula angustifolia,Sommité fleurie,ACÉTATE DE LINALYLE,Inde (Cachemire),Conventionnel,,"Agreste, florale, herbacée",80047401,https://www.divineessence.com/fr/collections/essential-oils-1/products/lavande-vraie-cachemire-altitude-1600m,Propre,2026-03-23,
Divine Essence,Thuya Occidental (Cèdre feuille) Biologique,Huiles essentielles,THUYA OCCIDENTALIS,Thuya occidentalis,Feuille et brindille,"THUJONES, FENCHONE",Canada (Québec),"Biologique, certifié par ECOCERT® SA",,"Montant, aromatique, boisée",,https://www.divineessence.com/fr/collections/essential-oils-1/products/thuya-occidental-cedre-feuille-biologique,Propre,2026-03-23,
Divine Essence,Carotte Biologique,Huiles essentielles,DAUCUS CAROTA,Daucus carota,Graine,CAROTOL,Inde,"Biologique, certifié par ECOCERT® SA",,"Caractéristique, épicée, poudrée, terreuse",80069436,https://www.divineessence.com/fr/collections/essential-oils-1/products/carotte-biologique,Propre,2026-03-23,
Divine Essence,Sauge Sclarée,Huiles essentielles,SALVIA SCLAREA,Salvia sclarea,Feuille et fleur,ACÉTATE DE LINALYLE,Hongrie,Conventionnel,,"Fraîche, citronnée, légèrement herbacée",80058015,https://www.divineessence.com/fr/collections/essential-oils-1/products/sauge-sclaree,Propre,2026-03-23,
Divine Essence,Myrrhe Sauvage,Huiles essentielles,COMMIPHORA MYRRHA (C. MOLMOL),Commiphora myrrha (C. molmol),Résine,CURZÉRÈNE,Kenya,Sauvage,,"Douce, boisée, aromatique",80060790,https://www.divineessence.com/fr/collections/essential-oils-1/products/myrrhe-sauvage,Propre,2026-03-23,
Divine Essence,Petitgrain - Oranger Amer Biologique,Huiles essentielles,CITRUS AURANTIUM SSP. AMARA,Citrus aurantium ssp. amara,Feuille,ACÉTATE DE LINALYLE,Paraguay,Biologique,,"Fraîche, florale et verte",80062442,https://www.divineessence.com/fr/collections/essential-oils-1/products/petitgrain-oranger-amer-biologique,Propre,2026-03-23,
Divine Essence,Pin Sylvestre Sauvage,Huiles essentielles,PINUS SYLVESTRIS,Pinus sylvestris,Aiguille,UN PINÈNE,Hongrie,Sauvage,,"Térébenthinée, montante et citronnée",80057495,https://www.divineessence.com/fr/collections/essential-oils-1/products/pin-sylvestre-sauvage,Propre,2026-03-23,
Divine Essence,Verveine des Indes Orientales Biologique,Huiles essentielles,CYMBOPOGON FLEXUOSUS,Cymbopogon flexuosus,Feuille (herbe),CITRAL (NÉRAL+GÉRANIAL),Inde -,Biologique,,"Citralée, sèche, fraîche",80050016,https://www.divineessence.com/fr/collections/essential-oils-1/products/verveine-des-indes-orientales-biologique,Propre,2026-03-23,
Divine Essence,Jasmin 5% Absolue,Huiles essentielles,JASMINUM GRANDIFLORUM,Jasminum grandiflorum,Fleur,Benzoate de benzyle,Inde,Conventionnel,,"Florale, fruitée et verte",80062085,https://www.divineessence.com/fr/collections/essential-oils-1/products/jasmin-5-absolue,Propre,2026-03-23,
Divine Essence,Pruche Biologique,Huiles essentielles,TSUGA CANADENSIS,Tsuga canadensis,Aiguille,ACÉTATE DE BORNYLE,Canada (Québec),Biologique,,"Agréable, balsamique",800741,https://www.divineessence.com/fr/collections/essential-oils-1/products/pruche-biologique,Propre,2026-03-23,
Divine Essence,Cannelle Vraie - Écorce Biologique,Huiles essentielles,CINNAMOMUM ZEYLANICUM (C.VERUM),Cinnamomum zeylanicum (C.verum),Écorce,TRANS-CINNAMALDEHYDE,Sri Lanka -,Biologique,,"Épicée, douce, sucrée",,https://www.divineessence.com/fr/collections/essential-oils-1/products/cannelle-vraie-ecorce-biologique,Propre,2026-03-23,
Divine Essence,Sauge Officinale Biologique,Huiles essentielles,SALVIA OFFICINALIS,Salvia officinalis,Sommité fleurie,A THUJONE,Albanie,Biologique,,"Agreste, camphrée et verte",80058016,https://www.divineessence.com/fr/collections/essential-oils-1/products/sauge-officinale-biologique,Propre,2026-03-23,
Divine Essence,Thym Rouge Thymol Biologique,Huiles essentielles,THYMUS ZYGIS THYMOL,Thymus zygis thymol,Plante et fleur,THYMOL,Espagne,Biologique,,"Agreste, aromatique, forte et épicée",80056347,https://www.divineessence.com/fr/collections/essential-oils-1/products/thym-rouge-thymol-biologique,Propre,2026-03-23,
Divine Essence,Menthe Verte Biologique,Huiles essentielles,MENTHA SPICATA,Mentha Spicata,Feuille et fleur,CARVONE,Inde -,Biologique,,"Impression de fraîcheur, rappelle l&#39;odeur de la feuille",80059785,https://www.divineessence.com/fr/collections/essential-oils-1/products/menthe-verte-biologique,Propre,2026-03-23,
Divine Essence,Santal Bois (Pacifique Sud) Sauvage,Huiles essentielles,SANTALUM AUSTROCALEDONICUM,Santalum austrocaledonicum,Bois,ALPHA-SANTALOL,Nouvelle-Calédonie,Sauvage,,"Boisée, douce, chaude et tenace",80060531,https://www.divineessence.com/fr/collections/essential-oils-1/products/santal-bois-pacifique-sud-sauvage,Propre,2026-03-23,
Divine Essence,Camomille Romaine (Noble) Biologique,Huiles essentielles,CHAMAEMELUM NOBILE,Chamaemelum nobile,Sommité fleurie,ANGÉLATE D&#39;ISOBUTYLE,Hongrie,"Biologique, certifié par ECOCERT®",,"Fruitée, aromatique, chaude, herbacée",80053753,https://www.divineessence.com/fr/collections/essential-oils-1/products/camomille-romaine-noble-biologique,Propre,2026-03-23,
Divine Essence,Genévrier Baie Biologique,Huiles essentielles,JUNIPERUS COMMUNIS SSP COMMUNIS,Juniperus communis ssp communis,Baie et brindille,UN PINÈNE,Népal -,Biologique,,"Balsamique, douce",80057642,https://www.divineessence.com/fr/collections/essential-oils-1/products/genevrier-baie-biologique,Propre,2026-03-23,
Divine Essence,Pin Blanc Biologique,Huiles essentielles,PINNUS STROBUS,Pinnus strobus,Aiguille,-,Canada (Québec),Biologique,,"Résineuse, fraîche, montante",,https://www.divineessence.com/fr/collections/essential-oils-1/products/pin-blanc-biologique,Propre,2026-03-23,
Divine Essence,Cannelle Cassia Biologique,Huiles essentielles,CINNAMOMUM CASSIA,Cinnamomum cassia,Écorce,"CINNAMALDÉHYDE, ACÉTATE DE CINNAMYLE",Viêt Nam,Biologique,,Caractéristique de la cannelle,8011,https://www.divineessence.com/fr/collections/essential-oils-1/products/cannelle-cassia-biologique,Propre,2026-03-23,
Divine Essence,Thym Linalol Biologique,Huiles essentielles,THYMUS ZYGIS CT LINALOLIFERUM,Thymus zygis ct linaloliferum,Sommité fleurie,LINALOL,Espagne,Biologique,,"Doux, agréable",80056342,https://www.divineessence.com/fr/collections/essential-oils-1/products/thym-linalol-biologique,Propre,2026-03-23,
Divine Essence,Ciste (Labdanum) Biologique,Huiles essentielles,CISTE LADANIFERUS,Ciste ladaniferus,Feuille et brindille,"A PINÈNE, VIRIDIFLOROL, CAMPHÈNE",Espagne,Biologique,,"Boisée, tenace",,https://www.divineessence.com/fr/collections/essential-oils-1/products/ciste-labdanum-biologique,Propre,2026-03-23,
Divine Essence,Citronnelle - Java Biologique,Huiles essentielles,CYMBOPOGON WINTERIANUS,Cymbopogon winterianus,Herbe,CITRONNELLAL,Népal -,Biologique,,"Herbacée, citronnée",80056381,https://www.divineessence.com/fr/collections/essential-oils-1/products/citronnelle-java-biologique,Propre,2026-03-23,
Divine Essence,Basilic Sacré Biologique,Huiles essentielles,OCIMUM SAN,Ocimum San,Plante et fleur,"EUGÉNOL, B CARYOPHYLLÈNE",Inde,"Biologique, certifié par ECOCERT® SA",,Herbacée aux notes chaudes et épicées,,https://www.divineessence.com/fr/collections/essential-oils-1/products/basilic-sacre-biologique,Propre,2026-03-23,
Divine Essence,Pamplemousse Blanc,Huiles essentielles,CITRUS PARADISII,Citrus paradisii,Zeste,LIMONÈNE,Mexique,Conventionnel,,"Douce, fruitée, zestée",80058299,https://www.divineessence.com/fr/collections/essential-oils-1/products/pamplemousse-blanc,Propre,2026-03-23,
Divine Essence,Lavandin Abrial Biologique,Huiles essentielles,LAVANDULA HYBRIDA ABRIALIS,Lavandula hybrida abrialis,Sommité fleurie,ACÉTATE DE LINALYLE,Espagne -,Biologique,,"Caractéristique, agreste, légèrement camphrée",80063435,https://www.divineessence.com/fr/collections/essential-oils-1/products/lavandin-abrial-biologique,Propre,2026-03-23,
Divine Essence,Mélisse Officinale 5% Biologique,Huiles essentielles,MÉLISSE OFFICINALE,Mélisse officinale,Plante et fleur,CITRAL (NÉRAL+GÉRANIAL),Grèce,Biologique,,"Fraîche, citronnée, légèrement herbacée",80107757,https://www.divineessence.com/fr/collections/essential-oils-1/products/melisse-officinale-5-biologique,Propre,2026-03-23,
Divine Essence,Citron Vert (Limette) Biologique,Huiles essentielles,CITRUS AURANTIFOLIA,Citrus aurantifolia,Fruit entier,LIMONÈNE,Sri Lanka,Biologique,,"Fraîche, caractéristique de la lime",80056113,https://www.divineessence.com/fr/collections/essential-oils-1/products/citron-vert-limette-biologique,Propre,2026-03-23,
Divine Essence,Verveine Exotique (Litsée Citronnée) Biologique,Huiles essentielles,LITSEA CITRATA (LITSEA CUBEBA),Litsea citrata (Litsea cubeba),Fruit et graine,CITRAL (NÉRAL+GÉRANIAL),Chine -,Biologique,,"Fraîche, citralée et fruitée",80055382,https://www.divineessence.com/fr/collections/essential-oils-1/products/verveine-exotique-litsee-citronnee-biologique,Propre,2026-03-23,
Divine Essence,Anis Étoilé Biologique,Huiles essentielles,ILLICIUM VERUM,Illicium verum,Graine,TRANS ANÉTHOLE,Viêt Nam,"Biologique, certifié par ECOCERT® SA",,Anisé et aromatique,80055562,https://www.divineessence.com/fr/collections/essential-oils-1/products/anis-etoile-biologique,Propre,2026-03-23,
Divine Essence,Marjolaine à Coquilles Biologique,Huiles essentielles,ORIGANUM MAJORANA,Origanum majorana,Feuille et fleur,TERPINÈNE 4-OL,Egypte,Biologique,,"Agreste, aromatique",80055375,https://www.divineessence.com/fr/collections/essential-oils-1/products/marjolaine-a-coquilles-biologique,Propre,2026-03-23,
Divine Essence,Cajeput Biologique,Huiles essentielles,MELALEUCA CAJUPUTI,Melaleuca cajuputi,Feuille,1.8 CINÉOLE,Viêt Nam -,"Biologique, certifié par ECOCERT®",,"Montante, fraîche, cinéolée et aromatique",80049609,https://www.divineessence.com/fr/collections/essential-oils-1/products/cajeput-biologique,Propre,2026-03-23,
Divine Essence,Mandarine Verte Biologique,Huiles essentielles,CITRUS RETICULATA BLANCO,Citrus reticulata blanco,Zeste,D-LIMONÈNE,Brésil,Biologique,,Caractéristique du péricarpe frais du fruit,80047560,https://www.divineessence.com/fr/collections/essential-oils-1/products/mandarine-verte-biologique,Propre,2026-03-23,
Divine Essence,Estragon,Huiles essentielles,ARTÉMISIA DRACUNCULUS,Artémisia dracunculus,Feuille et fleur,"MÉTHYLCHAVSAL (ESTRAGOL), B OCIMÈNE, LIMONÈNE",Hongrie,Conventionnel,,"Aromatique, anisée",,https://www.divineessence.com/fr/collections/essential-oils-1/products/estragon,Propre,2026-03-23,
Divine Essence,Encens B. Rivae (Ethiopie) Sauvage,Huiles essentielles,BOSWELLIA RIVAE,Boswellia Rivae,Résine,UN PINÈNE,Ethiopie,Sauvage,,"Boisée, épicée, légèrement camphrée",,https://www.divineessence.com/fr/collections/essential-oils-1/products/encens-b-rivae-ethiopie-sauvage,Propre,2026-03-23,
Divine Essence,Cannelle Feuille Biologique,Huiles essentielles,CINNAMOMUM ZEYLANICUM,Cinnamomum zeylanicum,Feuille et brindille,EUGÉNOL,Sri Lanka -,Biologique,,"Caractéristique, épicée",80056630,https://www.divineessence.com/fr/collections/essential-oils-1/products/cannelle-feuille-biologique,Propre,2026-03-23,
Divine Essence,Poivre Noir Biologique,Huiles essentielles,PIPER NIGRUM,Piper nigrum,Fruit sec,B PINÈNE,Sri Lanka,Biologique,,"Fraîche, boisée et épicée",80056400,https://www.divineessence.com/fr/collections/essential-oils-1/products/poivre-noir-biologique,Propre,2026-03-23,
Divine Essence,Céleri,Huiles essentielles,APIUM GRAVEOLENS VAR. DULCE,Apium graveolens var. dulce,Graine,LIMONÈNE,Inde,Conventionnel,,"Fraîche, typique de la plante",80062063,https://www.divineessence.com/fr/collections/essential-oils-1/products/celeri,Propre,2026-03-23,
Divine Essence,Encens - Kenya (B. Neglecta) Sauvage,Huiles essentielles,BOSWELLIA NEGLECTA,Boswellia Neglecta,Résine,UN PINÈNE,Kenya,Sauvage,,"Boisée, épicée, légèrement camphrée",,https://www.divineessence.com/fr/collections/essential-oils-1/products/encens-kenya-b-neglecta-sauvage,Propre,2026-03-23,
Divine Essence,Tangerine,Huiles essentielles,CITRUS RETICULATA BLANCO HYBRIDA,Citrus reticulata blanco hybrida,Zeste,D-LIMONÈNE,Etats-Unis,Conventionnel,,Caractéristique du limonène,80047560,https://www.divineessence.com/fr/collections/essential-oils-1/products/tangerine,Propre,2026-03-23,
Divine Essence,Cardamome Biologique,Huiles essentielles,ELLETERIA CARDAMOMUM,Elleteria cardamomum,Graine,ACÉTATE DE TERPÉNYLE,Guatemala,"Biologique, certifié par ECOCERT® SA",,"Montante, cinéolée et épicée",80064696,https://www.divineessence.com/fr/collections/essential-oils-1/products/cardamome-biologique,Propre,2026-03-23,
Divine Essence,Patchouly,Huiles essentielles,POGOSTEMON CABLIN,Pogostemon Cablin,Feuille,PATCHOULOL,Inde,Conventionnel,,"Boisée, herbacée, aromatique et épicée",80058013,https://www.divineessence.com/fr/collections/essential-oils-1/products/patchouly,Propre,2026-03-23,
Divine Essence,Térébenthine Biologique,Huiles essentielles,PINUS PINASTER,Pinus pinaster,Oléorésine,A PINÈNE,"Portugal , France",Biologique,,"Résineuse, montante et boisée",80064177,https://www.divineessence.com/fr/collections/essential-oils-1/products/terebenthine-biologique,Propre,2026-03-23,
Divine Essence,Thym Thuyanol-4,Huiles essentielles,THYMUS VULGARIS THUJANOLIFERUM,Thymus vulgaris thujanoliferum,Sommité fleurie,THUYANOL-4,France,Conventionnel,,"Douce, agréable",,https://www.divineessence.com/fr/collections/essential-oils-1/products/thym-thuyanol-4,Propre,2026-03-23,
Divine Essence,Vétiver Bourbon,Huiles essentielles,VETIVERIA ZIZANIOÏDES,Vetiveria zizanioïdes,Racine,KHOUSIMOL,Madagascar,Conventionnel,,"Boisée, terreuse et fumée",80065344,https://www.divineessence.com/fr/collections/essential-oils-1/products/vetiver-bourbon-fr,Propre,2026-03-23,
Divine Essence,Bois de Rose,Huiles essentielles,ANIBA ROSAEODORA VAR. AMAZONICA (ANIBA PARVIFLORA),ANIBA ROSAEODORA VAR. AMAZONICA (ANIBA PARVIFLORA),"Bois, branche, feuille",LINALOL,BRÉSIL,Conventionnel,,"Fraîche, douce, boisée",80053292,https://www.divineessence.com/fr/collections/essential-oils-1/products/bois-de-rose,Propre,2026-03-23,
Divine Essence,Vétiver Biologique,Huiles essentielles,VETIVERIA ZIZANIOÏDES,Vetiveria zizanioïdes,Racine,KHOUSIMOL,Inde -,Biologique,,"Boisée, terreuse et fumée",80065344,https://www.divineessence.com/fr/collections/essential-oils-1/products/vetiver-biologique,Propre,2026-03-23,
Divine Essence,Manuka 20% Sauvage,Huiles essentielles,LEPTOSPERMUM SCOPARIUM,Leptospermum scoparium,Brindille,LEPTOSPERMONE,Nouvelle-Zélande,Sauvage,,Douce et vraiment agréable,80078179,https://www.divineessence.com/fr/collections/essential-oils-1/products/manuka-20-sauvage,Propre,2026-03-23,
Divine Essence,Citronnelle - Ceylan Biologique,Huiles essentielles,CYMBOPOGON NARDUS,Cymbopogon nardus,Herbe,GÉRANIOL,Sri Lanka,Biologique,,"Herbacée, citronnée et grasse",80057606,https://www.divineessence.com/fr/collections/essential-oils-1/products/citronnelle-ceylan-biologique,Propre,2026-03-23,
Divine Essence,Fenouil Doux Biologique,Huiles essentielles,FOENICULUM VULGARE VAR. DULCE,Foeniculum vulgare var. dulce,Graine,TRANS ANÉTHOLE,Hongrie,Biologique,,Anisée,80055525,https://www.divineessence.com/fr/collections/essential-oils-1/products/fenouil-doux-biologique,Propre,2026-03-23,
Divine Essence,Camomille Allemande Biologique,Huiles essentielles,MATRICAIRIA RECUTITA,Matricairia recutita,Fleur,UN OXYDE DE BISABOLOL,Égypte -,Biologique,,"Herbacée, miellée, puissante et caractéristique",80064433,https://www.divineessence.com/fr/collections/essential-oils-1/products/camomille-allemande-biologique,Propre,2026-03-23,
Divine Essence,Mélèze Laricin Biologique,Huiles essentielles,LARIX LARICINA,Larix laricina,Aiguille,"AB Pinène, Delta-3-Carène",Canada,Biologique,,Caractéristique du pinène,,https://www.divineessence.com/fr/collections/essential-oils-1/products/meleze-laricin-biologique,Propre,2026-03-23,
Divine Essence,Curcuma Biologique,Huiles essentielles,CURCUMA LONGA,Curcuma longa,Racine,"CURCUMÈNE, UN AR TURMERONE",Sri Lanka -,Biologique,,"Fraîche, épicée et boisée",,https://www.divineessence.com/fr/collections/essential-oils-1/products/curcuma-biologique,Propre,2026-03-23,
Divine Essence,Lentisque Pistachier Biologique,Huiles essentielles,PISTACIA LENTISCUS,Pistacia lentiscus,Feuille et brindille,"ALPHA PINÈNE, MYRCÈNE, D-LIMONÈNE",Maroc,Biologique,,"Caractéristique, fraîche",,https://www.divineessence.com/fr/collections/essential-oils-1/products/lentisque-pistachier-biologique,Propre,2026-03-23,
Divine Essence,Coriandre Semence Biologique,Huiles essentielles,CORIANDRE SATIVUM,Coriandre sativum,Graine,LINALOL,Hongrie,Biologique,,"Camphrée, terreuse et rosée",8006340um,https://www.divineessence.com/fr/collections/essential-oils-1/products/coriandre-semence-biologique,Propre,2026-03-23,
Divine Essence,Hélichryse Bractéifère Biologique,Huiles essentielles,HELICHRYSUM BRACTEIFERUM HUMBERT,Helichrysum bracteiferum Humbert,Fleur,,Madagascar,"Biologique, certifié par ECOCERT®",,"Fraîche, aromatique, épicée",,https://www.divineessence.com/fr/collections/essential-oils-1/products/helichryse-bracteifere-biologique,Propre,2026-03-23,
Divine Essence,Sauge Sclarée Biologique,Huiles essentielles,SALVIA SCLAREA,Salvia sclarea,Feuille et fleur,ACÉTATE DE LINALYLE,Espagne -,Biologique,,"Fraîche, citronnée, légèrement herbacée",80058015,https://www.divineessence.com/fr/collections/essential-oils-1/products/sauge-sclaree-biologique,Propre,2026-03-23,
Divine Essence,Eucalyptus Mentholé (Dives),Huiles essentielles,EUCALYPTUS DIVES PIPERITONIFERUM,Eucalyptus dives piperitoniferum,Feuille,PIPÉRITONE,Afrique du Sud -,Conventionnel,,"Camphrée, piquante, zestée",80092920,https://www.divineessence.com/fr/collections/essential-oils-1/products/eucalyptus-menthole-dives,Propre,2026-03-23,
Divine Essence,Benjoin - Teinture 55% Biologique,Huiles essentielles,STYRAX BENZOE TONKINENSIS,Styrax benzoe tonkinensis,Résinoïde,benzoate de benzyle,Laos,"Biologique, certifié par ECOCERT®",,"Balsamique, Douce, Vanillée et Éthanolique",80064368,https://www.divineessence.com/fr/collections/essential-oils-1/products/benjoin-teinture-55-biologique,Propre,2026-03-23,
Divine Essence,Sarriette des Montagnes Biologique,Huiles essentielles,SATUREIA MONTANA,Satureia montana,Plante et fleur,P CYMÈNE,Espagne,Biologique,,"Agreste, fraîche et camphrée",80055587,https://www.divineessence.com/fr/collections/essential-oils-1/products/sarriette-des-montagnes-biologique,Propre,2026-03-23,
Divine Essence,Camomille - Bleue (Tanaisie) Biologique,Huiles essentielles,TANACETUM ANNUUM,Tanacetum annuum,Sommité fleurie,"CAMPHRE, SABINÈNE, CHAMAZULÈNE",Maroc,"Biologique, certifié par ECOCERT® SA",,"Puissante, caractéristique",,https://www.divineessence.com/fr/collections/essential-oils-1/products/camomille-bleue-tanaisie-biologique,Propre,2026-03-23,
Divine Essence,Marjolaine Sylvestre Biologique,Huiles essentielles,THYMUS MASTICHINE,Thymus mastichine,Feuille et fleur,1.8 CINÉOLE,Espagne,Biologique,,"Agreste, épicée, cinéolée",80051518,https://www.divineessence.com/fr/collections/essential-oils-1/products/marjolaine-sylvestre-biologique,Propre,2026-03-23,
Divine Essence,Lavandin Grosso Biologique,Huiles essentielles,LAVANDULA HYBRIDA GROSSO,Lavandula hybrida grosso,Sommité fleurie,ACÉTATE DE LINALYLE,Espagne,Biologique,,"Agreste, florale, légèrement camphrée",80082136,https://www.divineessence.com/fr/collections/essential-oils-1/products/lavandin-grosso-biologique,Propre,2026-03-23,
Divine Essence,Menthe Japonaise Biologique,Huiles essentielles,MENTHA ARVENSIS,Mentha arvensis,Feuille,MENTHOL,Népal -,Biologique,,"Mentholée, forte",80059890,https://www.divineessence.com/fr/collections/essential-oils-1/products/menthe-japonaise-biologique,Propre,2026-03-23,
Divine Essence,Amyris - Bois (Santal des Antilles) Sauvage,Huiles essentielles,AMYRIS BALSAMIFERA,Amyris balsamifera,Bois,"VALERIANOL,7 &amp; 10 EPI EUDESMOL, ELEMOL",République dominicaine,Sauvage,,"Boisée, douce, tenace",,https://www.divineessence.com/fr/collections/essential-oils-1/products/amyris-bois-santal-des-antilles-sauvage,Propre,2026-03-23,
Divine Essence,Baume de Copahu Sauvage,Huiles essentielles,COPAIFERA OFFICINALIS,Copaifera officinalis,Oléorésine,B-Caryophyllène,Brésil,Sauvage,,Boisée et Fumée,,https://www.divineessence.com/fr/collections/essential-oils-1/products/baume-de-copahu-sauvage,Propre,2026-03-23,
Divine Essence,Palo Santo Fruit Sauvage,Huiles essentielles,BURSERA GRAVEOLENS,Bursera graveolens,Fruit,"LIMONÈNE, UN PHELLANDRÈNE",Équateur,Sauvage,,"Fruitée, fraîche et résineuse",,https://www.divineessence.com/fr/collections/essential-oils-1/products/palo-santo-fruit-sauvage,Propre,2026-03-23,
Divine Essence,Muscade Noix Biologique,Huiles essentielles,MYRISTICA FRAGRANS,Myristica Fragrans,Noix,"AB PINÈNE, SABINÈNE",Sri Lanka,Biologique,,"Boisée, épicée, douce",,https://www.divineessence.com/fr/collections/essential-oils-1/products/muscade-noix-biologique,Propre,2026-03-23,
Divine Essence,Néroli 100% (Fleur d'Oranger) Biologique,Huiles essentielles,CITRUS AURANTIUM SSP AMARA,Citrus aurantium ssp amara,Fleur,"LIMONÈNE, LINALOOL, ACÉTATE DE LINALYL",Maroc,Biologique,,"Fraîche, florale et animale",,https://www.divineessence.com/fr/collections/essential-oils-1/products/neroli-100-fleur-doranger-biologique,Propre,2026-03-23,
Divine Essence,Myrte Verte (Cinéoliferum) Biologique,Huiles essentielles,MYRTUS COMMUNIS CINEOLIFERUM,Myrtus communis cineoliferum,Feuille,"A PINÈNE, 1,8-CINÉOLE, LIMONÈNE",France (Corse),Biologique,,"Montante, agreste, cinéolée",,https://www.divineessence.com/fr/collections/essential-oils-1/products/myrte-verte-cineoliferum-biologique,Propre,2026-03-23,
Divine Essence,Ajowan Biologique,Huiles essentielles,TRACHYSPERMUM AMMI,Trachyspermum ammi,Fruit séché,CARVACROL / THYMOL,Inde,Biologique,,"Aromatique, animale et zestée",80074312,https://www.divineessence.com/fr/collections/essential-oils-1/products/ajowan-biologique,Propre,2026-03-23,
Divine Essence,Ail Biologique,Huiles essentielles,ALLIUM SATIVUM L,Allium sativum L,Bulbe,DISULFURE DE DIALLYLE,Inde,Biologique,,"Herbacée, fraîche et mentholée",80049900,https://www.divineessence.com/fr/collections/essential-oils-1/products/ail-biologique,Propre,2026-03-23,
Divine Essence,Ylang Ylang Extra Supérieur Biologique,Huiles essentielles,CANANGA ODORATA GENUINA,Cananga Odorata Genuina,Fleur,GERMACRÈNE-D,Madagascar,Biologique,,"Fleurie, jasminée, très parfumée",80057314,https://www.divineessence.com/fr/collections/essential-oils-1/products/ylang-ylang-extra-superieur-biologique,Propre,2026-03-23,
Divine Essence,Hysope 1.8 Cinéole Biologique,Huiles essentielles,HYSSOPUS OFFICINALIS VAR. ARISTATUS,Hyssopus officinalis var. aristatus,Feuille,"1,8 CINÉOLE, B PINÈNE",Espagne,Biologique,,"Herbacée, semblable au camphre",,https://www.divineessence.com/fr/collections/essential-oils-1/products/hysope-1-8-cineole-biologique,Propre,2026-03-23,
Divine Essence,Thym Satureioides Biologique,Huiles essentielles,THYMUS SATUREIOIDES,Thymus satureioides,Sommité fleurie,"BORNÉOL, CARVACROL",Maroc,Biologique,,"Caractéristique, agreste et forte",,https://www.divineessence.com/fr/collections/essential-oils-1/products/thym-satureioides-biologique,Propre,2026-03-23,
Divine Essence,Hélichryse Italienne (Corse) Biologique,Huiles essentielles,HELICHRYSUM ITALICUM,Helichrysum italicum,Sommité fleurie,ITALIDIONES,France (Corse)/Italie,Biologique,,"Fraîche, aromatique, épicée, plus ou moins terpénique",80058625,https://www.divineessence.com/fr/collections/essential-oils-1/products/helichryse-italienne-corse-biologique,Propre,2026-03-23,
Divine Essence,Jatamansi (Nard) Biologique,Huiles essentielles,NARDOSTACHYS JATAMANSI,Nardostachys jatamansi,Racine,"CALARENE, UN PATCHOULÈNE",Népal,Biologique,,"Lourde, douce, boisée",,https://www.divineessence.com/fr/collections/essential-oils-1/products/jatamansi-nard-biologique,Propre,2026-03-23,
Divine Essence,Thé du Labrador Biologique,Huiles essentielles,RHODODENDRON GROENLANDICUM,Rhododendron groenlandicum,Feuille et fleur,"AB SELINENE, AB PINENE, Germacrone",Canada (Québec),Biologique,,"Fraîche, note de cumin",,https://www.divineessence.com/fr/collections/essential-oils-1/products/the-du-labrador-biologique,Propre,2026-03-23,
Divine Essence,Épinette Blanche Biologique,Huiles essentielles,PICEA GLAUCA,Picea glauca,Aiguille,"AB PINÈNE, ACÉTATE DE BORNYLE",Canada (Québec),Biologique,,"Fraîche, résineuse et balsamique",,https://www.divineessence.com/fr/collections/essential-oils-1/products/epinette-blanche-biologique,Propre,2026-03-23,
Divine Essence,Cèdre Bois Rouge de l'Ouest Sauvage (aborvitae),Huiles essentielles,THUYA PLICATA,Thuya plicata,Bois,"THUJATE DE MÉTHYLE, ACIQUE THUJIQUE, HINOKITIOL",Canada,Sauvage,,"Notes épicées, cumin, poivre et muscade avec effet cèdre",,https://www.divineessence.com/fr/collections/essential-oils-1/products/cedre-bois-rouge-de-louest-sauvage-aborvitae,Propre,2026-03-23,
Divine Essence,Ammi Visnaga (Khella) Biologique,Huiles essentielles,AMMI VISNAGA,Ammi visnaga,Graine,LINALOL,Maroc,"Biologique, certifié par ECOCERT®",,"Agréable, douce, terreuse",,https://www.divineessence.com/fr/collections/essential-oils-1/products/ammi-visnaga-khella-biologique,Propre,2026-03-23,
Divine Essence,Myrte Rouge Biologique,Huiles essentielles,MYRTUS COMMUNIS MYRTENYLACETATIFERUM,Myrtus communis myrtenylacetatiferum,Feuille,"1,8-CINÉOLE, A PINÈNE, ACÉTATE DE MYRTÉNYLE",Maroc,Biologique,,"Montante, agreste, camphrée",,https://www.divineessence.com/fr/collections/essential-oils-1/products/myrte-rouge-biologique,Propre,2026-03-23,
Divine Essence,Bergamote BF/FCF* (Sans Bergaptène) Biologique,Huiles essentielles,CITRUS AURANTIUM SSP BERGAMIA,Citrus aurantium ssp bergamia,Zeste,"LIMONÈNE, ACÉTATE DE LINALYL, LINALOOL",Italie,"Biologique, certifié par ECOCERT®",,"Fruitée, fraîche, légèrement amère, très singulière",,https://www.divineessence.com/fr/collections/essential-oils-1/products/bergamote-bf-fcf-sans-bergaptene-biologique,Propre,2026-03-23,
Divine Essence,Orange Amère Biologique,Huiles essentielles,CITRUS AURANTIUM SSP AMARA,Citrus aurantium ssp amara,Zeste,LIMONÈNE,Inde,Biologique,,"Douce, fruitée, zestée",80089803,https://www.divineessence.com/fr/collections/essential-oils-1/products/orange-amere-biologique,Propre,2026-03-23,
Divine Essence,Menthe Pouliot Biologique,Huiles essentielles,MENTHA PULEGIUM L.,Mentha pulegium L.,Feuille et fleur,PULÉGONE,Maroc,Biologique,,Herbacée et mentholée,,https://www.divineessence.com/fr/collections/essential-oils-1/products/menthe-pouliot-biologique,Propre,2026-03-23,
Divine Essence,Rose Extra 100% Absolue,Huiles essentielles,ROSA X DAMASCENA,Rosa x Damascena,Pétale,"CITRONELLOL, GÉRANIOL, NÉROL",Bulgarie,Conventionnel,,"Caractère, riche, naturelle, fraîche et florale",,https://www.divineessence.com/fr/collections/essential-oils-1/products/rose-extra-100-absolue,Propre,2026-03-23,
Divine Essence,Jasmin 100% Absolue,Huiles essentielles,JASMINUM GRANDIFLORUM,Jasminum grandiflorum,Fleur,"ACÉTATE DE BENZYLE, BENZOATE DE BENZYLE, LINALOOL",Inde,Conventionnel,,"Florale, fruitée et verte",,https://www.divineessence.com/fr/collections/essential-oils-1/products/jasmin-100-absolu,Propre,2026-03-23,
Divine Essence,Criste Marine Biologique,Huiles essentielles,CRITHMUM MARITIMUM,Crithmum maritimum,Sommité fleurie,"G TERPINÈNE, DILLAPIOLE, THYMOL MÉTHYLÉTHER",France (Corse),Biologique,,"Zestée, épicée, note de foin",,https://www.divineessence.com/fr/collections/essential-oils-1/products/criste-marine-biologique,Propre,2026-03-23,
Divine Essence,Persil Semence,Huiles essentielles,PETROSELINUM CRISPUM (P. SATIVUM),Petroselinum crispum (P. sativum),Graine,UN PINÈNE,France,Conventionnel,,"Épicée, verte et herbacée",80071305,https://www.divineessence.com/fr/collections/essential-oils-1/products/persil-semence,Propre,2026-03-23,
Divine Essence,Origan Vert Biologique,Huiles essentielles,ORIGANUM VULGARE SSP. HIRTUM,Origanum vulgare ssp. Hirtum,Sommité fleurie,CARVACROL,Espagne -,Biologique,,"Phénolée, agreste",80068956,https://www.divineessence.com/fr/collections/essential-oils-1/products/origan-vert-biologique,Propre,2026-03-23,
Divine Essence,Bay St-Thomas Conventionnel,Huiles essentielles,PIMENTA RACEMOSA,Pimenta racemosa,Feuille,EUGÉNOL,Dominique,Conventionnel,,"Boisée, citronnée et verte",80071011,https://www.divineessence.com/fr/collections/essential-oils-1/products/bay-st-thomas-conventionnel,Propre,2026-03-23,
Divine Essence,Verveine Citronnée Biologique,Huiles essentielles,LIPPIA CITRIODORA,Lippia citriodora,Feuille,"CITRAL (NÉRAL+GÉRANIAL), LIMONÈNE",Maroc,Biologique,,"Fraîche, citronnée, douce et fruitée",,https://www.divineessence.com/fr/collections/essential-oils-1/products/verveine-citronnee-biologique,Propre,2026-03-23,
Divine Essence,Achillée Millefeuille biologique,Huiles essentielles,ACHILLEA MILLEFOLIUM,Achillea millefolium,Herbe fraîche et fleur,"CHAMAZULÈNE, SABINÈNE",Hongrie,Biologique,,"Grasse, piquante",,https://www.divineessence.com/fr/collections/essential-oils-1/products/achillee-millefeuille-biologique,Propre,2026-03-23,
Divine Essence,Pin Maritime Biologique,Huiles essentielles,PINUS PINASTER,Pinus pinaster,Aiguille,"AB PINÈNE, B CARYOPHYLLÈNE",Portugal,Biologique,,"Boisée, épicée",,https://www.divineessence.com/fr/collections/essential-oils-1/products/pin-maritime-biologique,Propre,2026-03-23,
Divine Essence,Goyave Feuilles Biologique,Huiles essentielles,PSIDIUM GUAJAVA L,Psidium guajava L,Feuille,"LIMONÈNE, B-CARYOPHYLLÈNE",Madagascar,"Biologique, certifié par ECOCERT® SA",,"Boisée, fraîche, résineuse",,https://www.divineessence.com/fr/collections/essential-oils-1/products/goyave-feuilles-biologique,Propre,2026-03-23,
Divine Essence,Aneth,Huiles essentielles,ANETHUM GRAVEOLENS,Anethum graveolens,Semence,"CARVONE, LIMONÈNE",Hongrie,Conventionnel,,"Menthée, herbacée, zestée",,https://www.divineessence.com/fr/collections/essential-oils-1/products/aneth,Propre,2026-03-23,
Divine Essence,Ail 2% Biologique,Huiles essentielles,ALLIUM SATIVUM L,Allium sativum L,Bulbe,DISULFURE DE DIALLYLE,Inde,Organique,,"Herbacée, fraîche et mentholée",80074717,https://www.divineessence.com/fr/collections/essential-oils-1/products/ail-2-biologique,Propre,2026-03-23,
Divine Essence,Menthe Bergamote Biologique,Huiles essentielles,MENTHE CITRATA,Menthe citrata,Herbe et fleur,"LINALOL, ACÉTATE DE LINALYL",Inde,"Biologique, certifié par ECOCERT® SA",,"Fraîche, florale",,https://www.divineessence.com/fr/collections/essential-oils-1/products/menthe-bergamote-biologique,Propre,2026-03-23,
Divine Essence,Elémi Sauvage,Huiles essentielles,CANARIUM LUZONICUM,Canarium luzonicum,Résine,"LIMONENE, ELEMOL, A PHELLANDRENE",Philippines,Sauvage,,"Fra;iche, piquante et poivrée",,https://www.divineessence.com/fr/collections/essential-oils-1/products/elemi-sauvage,Propre,2026-03-23,
Divine Essence,Tonka Extrait 10% Sauvage,Huiles essentielles,DIPTERYX ODORATA,Dipteryx odorata,Haricot,-,Brésil,Sauvage,,"Notes sucrées, épicées et vanillées",,https://www.divineessence.com/fr/collections/essential-oils-1/products/tonka-extrait-10-sauvage,Propre,2026-03-23,
Divine Essence,Lavande Stoechas Biologique,Huiles essentielles,LAVANDULA STOECHAS,Lavandula stoechas,Feuille et Fleur,"CINÉOLE, FENCHONE, CAMPHRE, LINALOOL",Portugual,Biologique,,"Agreste, amere, herbacée",,https://www.divineessence.com/fr/collections/essential-oils-1/products/lavande-stoechas-biologique,Propre,2026-03-23,
Divine Essence,Tea Tree Citronné Biologique,Huiles essentielles,LEPTOSPERMUM PETERSONII,Leptospermum petersonii,Feuille,"CITRONELLAL, CITRAL (GÉRANIAL, NÉRAL)",Afrique du Sud,Biologique,,Odeur caractéristique de citral,,https://www.divineessence.com/fr/collections/essential-oils-1/products/tea-tree-citronne-biologique,Propre,2026-03-23,
Divine Essence,Carvi Biologique,Huiles essentielles,CARUM CARVI,Carum carvi,Graine,"Carvone, Limonène",Hongrie,"Biologique, certifié par ECOCERT® SA",,"Épicée, boisée et chaude",,https://www.divineessence.com/fr/collections/essential-oils-1/products/carvi-biologique,Propre,2026-03-23,
Divine Essence,Magnolia 100%,Huiles essentielles,MICHELIA ALBA,Michelia Alba,Fleur,"LINALOOL, GÉRANIOL",Chine,Conventionnel,,"Douce, florale",,https://www.divineessence.com/fr/collections/essential-oils-1/products/magnolia-100,Propre,2026-03-23,
Divine Essence,Cinnamosma Fragrans (Saro) Biologique,Huiles essentielles,CINNAMOSMA FRAGRANS,Cinnamosma Fragrans,Feuille,"1.8 CINÉOLE, B PINÈNE, SABINÈNE",Madagascar,Biologique,,"Fraîche, agréable et montante",,https://www.divineessence.com/fr/collections/essential-oils-1/products/cinnamosma-fragrans-saro-biologique,Propre,2026-03-23,
Divine Essence,Santal Bois Biologique,Huiles essentielles,SANTALUM ALBUM,Santalum album,Bois,ALPHA-SANTALOL,Sri Lanka,Biologique,,"Caractéristique, douce, boisée et persistante",80060531,https://www.divineessence.com/fr/collections/essential-oils-1/products/santal-bois-biologique,Propre,2026-03-23,
Divine Essence,Petitgrain Mandarinier,Huiles essentielles,CITRUS RETICULATA BLANCO FOLIUM,Citrus reticulata blanco folium,Feuille,-,Egypte,Conventionnel,,"Verte, amère et montante",,https://www.divineessence.com/fr/collections/essential-oils-1/products/petitgrain-mandarinier,Propre,2026-03-23,
Divine Essence,Angélique - Racine Biologique,Huiles essentielles,ANGELICA ARCHANGELICA,Angelica archangelica,Racine,"A PINÈNE, D-3-CARÈNE, B PHELLANDRÈNE",Hongrie,"Biologique, certifié par ECOCERT® CANADA",,"Aromatique, chaude et herbacée",,https://www.divineessence.com/fr/collections/essential-oils-1/products/angelique-racine-biologique,Propre,2026-03-23,
Divine Essence,Galbanum Biologique,Huiles essentielles,FERULA GALBANIFLUA,Ferula galbaniflua,Résine,"AB PINÈNE, D-3-CARÈNE",L&#39;Iran,Biologique,,"Térébentinée, balsamique et verte",,https://www.divineessence.com/fr/collections/essential-oils-1/products/galbanum-biologique,Propre,2026-03-23,
Divine Essence,Cataire Sauvage,Huiles essentielles,NEPETA CATARIA,Nepeta cataria,Feuille,"B-CARYOPHYLLÈNE, NÉPÉTALACTONES",Canada,Sauvage,,"Menthée, tabacée, aromatique et verte",,https://www.divineessence.com/fr/collections/essential-oils-1/products/cataire-sauvage,Propre,2026-03-23,
Divine Essence,Piment 4 Épices,Huiles essentielles,PIMENTA DIOICA,Pimenta dioica,Feuille,EUGÉNOL,Jamaïque,Conventionnel,,"Boisée, sèche, épicée et aromatique",,https://www.divineessence.com/fr/collections/essential-oils-1/products/piment-4-epices,Propre,2026-03-23,
Divine Essence,Baume de Copahu – Oléorésine Sauv. 5ml,Huiles essentielles,COPAIFERA OFFICINALIS,Copaifera officinalis,Oléorésine,B-Caryophyllène,Brésil,Sauvage,,"Aromatique, balsamique",,https://www.divineessence.com/fr/collections/essential-oils-1/products/baume-de-copahu-oleoresine-sauvage,Propre,2026-03-23,
Divine Essence,Rose (Otto) Extra 100% Biologique,Huiles essentielles,ROSA X DAMASCENA,Rosa x Damascena,Pétale de fleur,"CITRONELLOL, GÉRANIOL",Bulgarie,Biologique,,"Florale, acidulée, fruitée",,https://www.divineessence.com/fr/collections/essential-oils-1/products/rose-otto-extra-100-biologique,Propre,2026-03-23,
Divine Essence,Inule Odorante Biologique,Huiles essentielles,INULA GRAVEOLENS,Inula graveolens,Herbe et fleur,"ACÉTATE DE BORNYLE, BORNÉOL, CAMPHÈNE",France (Corse),Biologique,,"Herbacée, fraîche, douce",,https://www.divineessence.com/fr/collections/essential-oils-1/products/inule-odorante-biologique,Propre,2026-03-23,
Divine Essence,Cumin,Huiles essentielles,CUMINUM CYMINUM,Cuminum cyminum,Graine,CUMINALDÉHYDE,Hongrie,Conventionnel,,"Grasse, aromatique, boisée",80068514,https://www.divineessence.com/fr/collections/essential-oils-1/products/cumin-fr,Propre,2026-03-23,
Divine Essence,Violette 100% Absolue 1 ml,Huiles essentielles,VIOLA ODORANTE,Viola odorante,Feuille,"LINALOOL, LINOLÉNATE DE MÉTHYLE, LINOLÉNATE D&#39;ÉTHYLE",Egypte,Conventionnel,,Fraîche et très herbacée,,https://www.divineessence.com/fr/collections/essential-oils-1/products/violette-100-absolue,Propre,2026-03-23,
Divine Essence,Lotus Bleu 100% Absolue sauvage,Huiles essentielles,NELUMBO NUCIFERA,Nelumbo nucifera,Fleur,-,Inde,Sauvage,,"Florale, herbacée, fraîche",,https://www.divineessence.com/fr/collections/essential-oils-1/products/lotus-bleu-100-absolu-sauvage,Propre,2026-03-23,
Divine Essence,Mélisse Officinale 100% Biologique,Huiles essentielles,MÉLISSE OFFICINALE,Mélisse officinale,Plante et fleur,"CITRAL (GÉRANIEN, NÉRAL)",Grèce,Biologique,,"Fraîche, citronnée, légèrement herbacée",,https://www.divineessence.com/fr/collections/essential-oils-1/products/melisse-officinale-100-biologique,Propre,2026-03-23,
Divine Essence,Baie Rose conventionelle,Huiles essentielles,SCHINUS TEREBINTHIFOLIUS RADDI,Schinus terebinthifolius Raddi,Fruits mûrs,-,Brésil,Conventionnel,,"Fraîche, aromatique, épicé",,https://www.divineessence.com/fr/collections/essential-oils-1/products/baie-rose-conventionelle,Propre,2026-03-23,
Divine Essence,Petitgrain - Citron Combava Biologique,Huiles essentielles,CITRUS HYSTRIX,Citrus hystrix,Feuille,"CITRONELLAL, CITRONELLOL",Madagascar,Biologique,,"Citronnée, montante",,https://www.divineessence.com/fr/collections/essential-oils-1/products/petitgrain-citron-combava-biologique,Propre,2026-03-23,
Divine Essence,Verge d'Or Biologique,Huiles essentielles,SOLIDAGO CANADENSIS,Solidago Canadensis,Sommité fleurie,"GERMACRENE-D, A PINÈNE, MYRCÈNE",Canada (Québec),"Biologique, certifié par ECOCERT® SA",,-,,https://www.divineessence.com/fr/collections/essential-oils-1/products/verge-dor-biologique,Propre,2026-03-23,
Divine Essence,Hysope Pinocamphone Biologique,Huiles essentielles,HYSSOPUS OFFICINALIS SSP. OFFICINALIS,Hyssopus officinalis ssp. officinalis,Plante et fleur,ISOPINOCAMPHONE,Espagne,Biologique,,"Herbacée, semblable au camphre",,https://www.divineessence.com/fr/collections/essential-oils-1/products/hysope-pinocamphone-biologique,Propre,2026-03-23,
Divine Essence,Myrte Citronnée Biologique,Huiles essentielles,BACKHOUSIA CITRIODORA,Backhousia citriodora,Feuille,"CITRAL (GÉRANIEN, NÉRAL)",Australie,Biologique,,"Florale, citronnée",,https://www.divineessence.com/fr/collections/essential-oils-1/products/myrte-citronnee-biologique,Propre,2026-03-23,
Divine Essence,Camomille - Sauvage (Maroc) Biologique,Huiles essentielles,ORMENIS MIXTA V. MULTICAULIS,Ormenis mixta v. multicaulis,Fleur,"ALPHA PINENE, ALCOOL SANTOLINA, TRANS-B-FARNESENE",Maroc,Biologique,,"Fruitée, boisée et camphrée",,https://www.divineessence.com/fr/collections/essential-oils-1/products/camomille-sauvage-maroc-biologique,Propre,2026-03-23,
Divine Essence,Iris Racine - 100% Absolue Conv.,Huiles essentielles,IRIS PALLIDA,Iris pallida,Racine,-,Maroc -,Conventionnel,,Fraîche et herbacée,,https://www.divineessence.com/fr/collections/essential-oils-1/products/iris-racine-100-absolue,Propre,2026-03-23,
Divine Essence,Cumin Biologique,Huiles essentielles,CUMINUM CYMINUM,Cuminum cyminum,Graine,CUMINALDÉHYDE,Inde,Biologique,,"Riche, aromatique, boisée et épicée",80068514,https://www.divineessence.com/fr/collections/essential-oils-1/products/cumin-biologique,Propre,2026-03-23,
Divine Essence,Priprioca,Huiles essentielles,CYPERUS ARTICULATUS,Cyperus articulatus,Racine,-,Brésil,Conventionnel,,"Boisée, fraîche, épicée",,https://www.divineessence.com/fr/collections/essential-oils-1/products/priprioca,Propre,2026-03-23,
Divine Essence,Lotus Blanc 100% Sauvage Absolue,Huiles essentielles,NELUMBO NUCIFERA,Nelumbo nucifera,Fleur,-,Inde,Sauvage,,"Herbacée, florale, fraîche et délicate",,https://www.divineessence.com/fr/collections/essential-oils-1/products/lotus-blanc-100-sauvage-absolu,Propre,2026-03-23,
Divine Essence,Lotus Rose 100% Absolue sauvage,Huiles essentielles,NELUMBO NUCIFERA,Nelumbo nucifera,Fleur,-,Inde,Sauvage,,"Fraîche, florale, herbacée et délicate",,https://www.divineessence.com/fr/collections/essential-oils-1/products/lotus-rose-100-absolu-sauvage,Propre,2026-03-23,
Divine Essence,Amescla Sauvage,Huiles essentielles,PROTIUM HEPTAPHYLLUM,Protium heptaphyllum,Résine,-,Brésil,Sauvage,,"Frais, balsamique",,https://www.divineessence.com/fr/collections/essential-oils-1/products/amescla-sauvage,Propre,2026-03-23,
Divine Essence,Lavande Vraie Écologique / Distillée au Canada,Huiles essentielles,LAVANDULA ANGUSTIFOLIA,Lavandula angustifolia,Sommité fleurie,LINALYL ACETATE,"Canada (Franklin, Québec)",Écologique,,"Rustique, floral et herbacée",,https://www.divineessence.com/fr/collections/essential-oils-1/products/lavande-vraie-ecologique-distillee-au-canada,Propre,2026-03-23,
Divine Essence,Encens - Somalie (B. Carterii) Sauv. / Dist. Canada,Huiles essentielles,BOSWELLIA CARTERII,Boswellia carterii,Résine de qualité supérieure,A PINÈNE,Résine de,Sauvage,,"Résineuse, boisée et chaleureuse",,https://www.divineessence.com/fr/collections/essential-oils-1/products/encens-somalie-b-carterii-sauv-dist-canada,Propre,2026-03-23,
Divine Essence,Myrrhe - Kenya (Sauvage) / Distillée au Canada,Huiles essentielles,COMMIPHORA MYRRHA (C. MOLMOL),Commiphora myrrha (C. molmol),Résine,CURZÉRÈNE,Résine du Kenya distillée au Canada,Sauvage,,"Douce, boisée, aromatique",,https://www.divineessence.com/fr/collections/essential-oils-1/products/myrrhe-kenya-sauvage-distillee-au-canada,Propre,2026-03-23,
Divine Essence,Bois de Siam (Po Mu) Biologique,Huiles essentielles,FOKIÉNIA HODGINSII,Fokiénia Hodginsii,Bois,"TRANS-NÉROLIDOL, FOKIENOL, ELEMOL",Viêt Nam,Biologique,,"Fraîche, boisée",,https://www.divineessence.com/fr/collections/essential-oils-1/products/bois-de-siam-po-mu-biologique,Propre,2026-03-23,
Union Nature,Épinette noire,Huiles essentielles,PICEA MARIANA,Picea mariana,,Acétate de bornyle,Canada (Québec),Conventionnel,,,,https://www.divineessence.com/fr/collections/union-nature-essential-oils/products/epinette-noire,Propre,2026-03-23,
Union Nature,Eucalyptus Globulus,Huiles essentielles,EUCALYPTUS GLOBULUS,Eucalyptus globulus,,"1,8-cinéole",Chine,Conventionnel,,,,https://www.divineessence.com/fr/collections/union-nature-essential-oils/products/eucalyptus-globuleux,Propre,2026-03-23,
Union Nature,Sapin baumier,Huiles essentielles,ABIES BALSAMEA,Abies balsamea,,B. Pinène,Canada (Québec),Conventionnel,,,,https://www.divineessence.com/fr/collections/union-nature-essential-oils/products/sapin-baumier,Propre,2026-03-23,
Union Nature,Lavande,Huiles essentielles,LAVANDULA ANGUSTIFOLIA,Lavandula angustifolia,,Acétate de linalyle,Bulgarie,Conventionnel,,,,https://www.divineessence.com/fr/collections/union-nature-essential-oils/products/lavande,Propre,2026-03-23,
Union Nature,Lavandin Super,Huiles essentielles,LAVANDULA HYBRIDA SUPER,Lavandula hybrida super,,Acétate de linalyle,Produit d&#39;Espagne,Conventionnel,,,,https://www.divineessence.com/fr/collections/union-nature-essential-oils/products/lavandin-super,Propre,2026-03-23,
Union Nature,Citron,Huiles essentielles,CITRUS LIMONUM,Citrus limonum,,Limonène,États-Unis,Conventionnel,,,,https://www.divineessence.com/fr/collections/union-nature-essential-oils/products/citron,Propre,2026-03-23,
Union Nature,Orange - Douce,Huiles essentielles,CITRUS SINENSIS,Citrus sinensis,,Limonène,États-Unis,Conventionnel,,,,https://www.divineessence.com/fr/collections/union-nature-essential-oils/products/orange-douce,Propre,2026-03-23,
Union Nature,Menthe Poivrée,Huiles essentielles,MENTHA X PIPERITA,Mentha x piperita,,Menthol,Produit de l&#39;Inde,Conventionnel,,,,https://www.divineessence.com/fr/collections/union-nature-essential-oils/products/menthe-poivree,Propre,2026-03-23,
Union Nature,Pamplemousse Rose,Huiles essentielles,CITRUS PARADISII,Citrus paradisii,,Limonène,États-Unis,Conventionnel,,,,https://www.divineessence.com/fr/collections/union-nature-essential-oils/products/pamplemousse-rose-1,Propre,2026-03-23,
Union Nature,Ravintsara,Huiles essentielles,CINNAMOMUM CAMPHORA CINEOLIFERUM,Cinnamomum camphora cineoliferum,,"1,8 Cinéole",Madagascar,Conventionnel,,,,https://www.divineessence.com/fr/collections/union-nature-essential-oils/products/ravintsara,Propre,2026-03-23,
Union Nature,Romarin CT Cinéole,Huiles essentielles,ROSMARINUS OFFICINALIS CINEOLIFERUM,Rosmarinus officinalis cineoliferum,,"1,8 Cinéole",Maroc,Conventionnel,,,,https://www.divineessence.com/fr/collections/union-nature-essential-oils/products/romarin-ct-cineole,Propre,2026-03-23,
Union Nature,Tea Tree (Melaleuca),Huiles essentielles,MELALEUCA ALTERNIFOLIA,Melaleuca alternifolia,,Terpinène-4-ol,Australie,Conventionnel,,,,https://www.divineessence.com/fr/collections/union-nature-essential-oils/products/tea-tree,Propre,2026-03-23,